<?xml version="1.0"?>
<keys name="Inkscape default">

<!--  
This file contains the default Inkscape keyboard shortcuts. In each "bind" element:

- The "key" attribute contains the key name. The names are the same as those in the
<gdk/gdkkeysyms.h> header file but without the leading "GDK_". If you don't have GDK
source locally, you can view that file at:

  http://git.gnome.org/browse/gtk+/plain/gdk/gdkkeysyms.h

- The "modifiers" attribute contains a comma-separated list of modifiers, which can be
one or more of: "Ctrl", "Shift", "Alt".

- The "action" attribute contains the name of the action. The complete list of actions
(called "verbs") is in the file src/verbs.cpp in Inkscape source; there you can see
brief descriptions of what each action does. The same action may have multiple key
bindings.

- The "display" attribute controls whether this binding will be displayed in the menu
and tooltips. Only one binding for each action may have this attribute.

Note that the current file lists ALL Inkscape actions, even those that do not have any
keys in the default mapping (those don't have "key" or "modifiers" attributes). You can
assign any keys to these actions by adding "key" and "modifiers" attributes to
them. Developers: Please add here any new verbs you create!

This file is inkscape.xml, and in the original installation it is also copied as
default.xml. The latter is the file that Inkscape reads on startup. If you overwrite
default.xml with some other keymap file (e.g. xara.xml), you can always restore the
default keybindings by copying inkscape.xml to default.xml again.

In case of conflict, those bindings that come later override those before them. This
file resides in the share/keys directory of your Inkscape installation, but you may also
have a default.xml in your personal Inkscape profile directory (e.g. ~/.config/inkscape
on Unix). The bindings in that personal file are added to (or, if there's a conflict,
override) the bindings in the main default.xml.
-->


<!-- File -->

  <bind key="n" modifiers="Ctrl" action="FileNew" display="true"/>
  <bind key="N" modifiers="Ctrl" action="FileNew" />

  <bind key="o" modifiers="Ctrl" action="FileOpen" display="true"/>
  <bind key="O" modifiers="Ctrl" action="FileOpen" />

  <bind action="FileRevert" />

  <bind key="s" modifiers="Ctrl" action="FileSave" display="true"/>
  <bind key="S" modifiers="Ctrl" action="FileSave" />

  <bind key="s" modifiers="Ctrl,Shift" action="FileSaveAs" display="true"/>
  <bind key="S" modifiers="Ctrl,Shift" action="FileSaveAs" />

  <bind key="s" modifiers="Ctrl,Shift,Alt" action="FileSaveACopy" display="true"/>
  <bind key="S" modifiers="Ctrl,Shift,Alt" action="FileSaveACopy" />

  <bind key="p" modifiers="Ctrl" action="FilePrint" display="true"/>
  <bind key="P" modifiers="Ctrl" action="FilePrint" />

  <bind key="i" modifiers="Ctrl" action="FileImport" display="true"/>
  <bind key="I" modifiers="Ctrl" action="FileImport" />

  <bind key="e" modifiers="Ctrl,Shift" action="FileExport" display="true"/>
  <bind key="E" modifiers="Ctrl,Shift" action="FileExport" />

  <bind action="FileVacuum" />

  <bind key="w" modifiers="Ctrl" action="FileClose" display="true"/>
  <bind key="W" modifiers="Ctrl" action="FileClose" display="true"/>

  <bind key="q" modifiers="Ctrl" action="FileQuit" display="true"/>
  <bind key="Q" modifiers="Ctrl" action="FileQuit" display="true"/>

<!-- Tools -->

  <bind key="F1" action="ToolSelector" display="true"/>
  <bind key="s" action="ToolSelector" />
  <bind key="S" action="ToolSelector" />

  <bind action="SelectPrefs" />

  <bind key="F2" action="ToolNode" display="true"/>
  <bind key="n" action="ToolNode" />
  <bind key="N" action="ToolNode" />

  <bind action="NodePrefs" />

  <bind key="F2" modifiers="Shift" action="ToolTweak" display="true"/>
  <bind key="w" action="ToolTweak" />
  <bind key="W" action="ToolTweak" />

  <bind action="TweakPrefs" />

  <bind key="F3" action="ToolZoom" display="true"/>
  <bind key="z" action="ToolZoom" />
  <bind key="Z" action="ToolZoom" />

  <bind action="ZoomPrefs" />

  <bind key="F4" action="ToolRect" display="true"/>
  <bind key="r" action="ToolRect" />
  <bind key="R" action="ToolRect" />

  <bind action="RectPrefs" />

  <bind key="F4" modifiers="Shift" action="Tool3DBox" display="true"/>
  <bind key="x" action="Tool3DBox" />
  <bind key="X" action="Tool3DBox" />

  <bind action="3DBoxPrefs" />

  <bind key="F5" action="ToolArc" display="true"/>
  <bind key="e" action="ToolArc" />
  <bind key="E" action="ToolArc" />

  <bind action="ArcPrefs" />

  <bind key="F9" modifiers="Shift" action="ToolStar" />
  <bind key="asterisk" modifiers="Shift" action="ToolStar" /> 	 
  <bind key="asterisk" action="ToolStar" /> 	 
  <bind key="KP_Multiply" action="ToolStar" display="true"/>

  <bind action="StarPrefs" />

  <bind key="F9" action="ToolSpiral" display="true"/>
  <bind key="i" action="ToolSpiral" />
  <bind key="I" action="ToolSpiral" />

  <bind action="SpiralPrefs" />

  <bind key="F6" action="ToolPencil" display="true"/>
  <bind key="p" action="ToolPencil" />
  <bind key="P" action="ToolPencil" />

  <bind action="PencilPrefs" />

  <bind key="F6" modifiers="Shift" action="ToolPen" display="true"/>
  <bind key="b" action="ToolPen" />
  <bind key="B" action="ToolPen" />

  <bind action="PenPrefs" />

  <bind key="F6" modifiers="Ctrl" action="ToolCalligraphic" display="true"/>
  <bind key="c" action="ToolCalligraphic" />
  <bind key="C" action="ToolCalligraphic" />

  <bind action="CalligraphicPrefs" />

  <bind key="E" modifiers="Shift" action="ToolEraser" display="true"/>

  <bind action="EraserPrefs" />

  <bind key="F7" modifiers="Shift" action="ToolPaintBucket" display="true"/>
  <bind key="u" action="ToolPaintBucket" />
  <bind key="U" action="ToolPaintBucket" />

  <bind action="PaintBucketPrefs" />

  <bind key="F8" action="ToolText" display="true"/>
  <bind key="t" action="ToolText" />
  <bind key="T" action="ToolText" />

  <bind action="TextPrefs" />

  <bind key="F1" modifiers="Ctrl" action="ToolGradient" display="true"/>
  <bind key="g" action="ToolGradient" />
  <bind key="G" action="ToolGradient" />

  <bind action="GradientPrefs" />

  <bind key="F2" modifiers="Ctrl" action="ToolConnector" display="true"/>
  <bind key="o" action="ToolConnector" />
  <bind key="O" action="ToolConnector" />

  <bind action="ConnectorPrefs" />

  <bind key="F7" action="ToolDropper" display="true"/>
  <bind key="d" action="ToolDropper" />
  <bind key="D" action="ToolDropper" />

  <bind action="DropperPrefs" />

  <bind key="F3" modifiers="Shift" action="ToolSpray" display="true"/>
  <bind key="a" action="ToolSpray" />
  <bind key="A" action="ToolSpray" />

  <bind action="SprayPrefs" />


<!-- Zoom -->

  <bind key="plus" action="ZoomIn" display="true"/>
  <bind key="plus" modifiers="Shift" action="ZoomIn" />
  <bind key="equal" action="ZoomIn" />
  <bind key="equal" modifiers="Shift" action="ZoomIn" />
  <bind key="KP_Add" action="ZoomIn" />

  <bind key="minus" action="ZoomOut" display="true"/>
  <bind key="minus" modifiers="Shift" action="ZoomOut"/>
  <bind key="underscore" action="ZoomOut" />
  <bind key="underscore" modifiers="Shift" action="ZoomOut" />  
  <bind key="KP_Subtract" action="ZoomOut" />

  <bind key="1" action="Zoom1:0" display="true"/>
  <bind key="2" action="Zoom1:2" display="true"/>
  <bind key="3" action="ZoomSelection" display="true"/>
  <bind key="4" action="ZoomDrawing" display="true"/>
  <bind key="5" action="ZoomPage" display="true"/>
  <bind key="KP_5" action="ZoomPage" />
  <bind key="KP_Begin" action="ZoomPage" />
  <bind key="6" action="ZoomPageWidth" display="true"/>

  <bind key="e" modifiers="Ctrl" action="ZoomPageWidth" />
  <bind key="E" modifiers="Ctrl" action="ZoomPageWidth" />

  <bind key="grave" modifiers="Shift" action="ZoomNext" display="true"/> <!-- ` -->
  <bind key="asciitilde" modifiers="Shift" action="ZoomNext" /> <!-- ~ -->
  <bind key="grave" action="ZoomPrev" display="true"/> <!-- ` -->

<!-- View -->

  <bind key="F11" action="FullScreen" display="true"/> 
  <bind key="F11" action="FocusToggle" modifiers="Shift" display="true"/> 

  <bind key="Tab" modifiers="Ctrl" action="NextWindow" display="true"/>
  <bind key="ISO_Left_Tab" modifiers="Ctrl" action="NextWindow" />
  <bind key="Tab" modifiers="Ctrl,Shift" action="PrevWindow" display="true"/>
  <bind key="ISO_Left_Tab" modifiers="Ctrl,Shift" action="PrevWindow" />

  <bind key="r" modifiers="Ctrl" action="ToggleRulers" display="true"/>
  <bind key="R" modifiers="Ctrl" action="ToggleRulers" />

  <bind key="b" modifiers="Ctrl" action="ToggleScrollbars" display="true"/>
  <bind key="B" modifiers="Ctrl" action="ToggleScrollbars" />

  <bind key="bar" modifiers="Shift" action="ToggleGuides" /> <!-- | -->
  <bind key="bar" action="ToggleGuides" display="true"/>

  <bind key="numbersign" modifiers="Shift" action="ToggleGrid" /> <!-- # -->
  <bind key="numbersign" action="ToggleGrid" display="true"/>
  
  <bind key="percent" action="ToggleSnapGlobal" display="true"/> <!-- % -->
  <bind key="percent" modifiers="Shift" action="ToggleSnapGlobal" />

  <bind action="ViewNew"/>
  <bind action="ViewNewPreview"/>
  <bind action="ViewIconPreview"/>

  <bind action="ViewModeNormal"/>
  <bind action="ViewModeOutline"/>

  <bind key="KP_5" modifiers="Ctrl" action="ViewModeToggle" display="true" />
  <bind key="KP_Begin" modifiers="Ctrl" action="ViewModeToggle" />

<!-- Edit -->

  <bind key="z" modifiers="Ctrl" action="EditUndo" display="true"/>
  <bind key="Z" modifiers="Ctrl" action="EditUndo" />
  <bind key="y" modifiers="Ctrl,Shift" action="EditUndo" />
  <bind key="Y" modifiers="Ctrl,Shift" action="EditUndo" />

  <bind key="z" modifiers="Ctrl,Shift" action="EditRedo" display="true"/>
  <bind key="Z" modifiers="Ctrl,Shift" action="EditRedo" />
  <bind key="y" modifiers="Ctrl" action="EditRedo" />
  <bind key="Y" modifiers="Ctrl" action="EditRedo" />

  <bind key="h" modifiers="Ctrl,Shift" action="DialogUndoHistory" display="true" />
  <bind key="H" modifiers="Ctrl,Shift" action="DialogUndoHistory" display="true" />

  <bind key="x" modifiers="Ctrl" action="EditCut" display="true"/>
  <bind key="X" modifiers="Ctrl" action="EditCut" />

  <bind key="c" modifiers="Ctrl" action="EditCopy" display="true"/>
  <bind key="C" modifiers="Ctrl" action="EditCopy" />

  <bind key="v" modifiers="Ctrl" action="EditPaste" display="true"/>
  <bind key="V" modifiers="Ctrl" action="EditPaste" />

  <bind key="v" modifiers="Ctrl,Shift" action="EditPasteStyle" display="true"/>
  <bind key="V" modifiers="Ctrl,Shift" action="EditPasteStyle" />

  <bind key="v" modifiers="Ctrl,Alt" action="EditPasteInPlace" display="true"/>
  <bind key="V" modifiers="Ctrl,Alt" action="EditPasteInPlace" />

  <bind action="EditPasteSize" />
  <bind action="EditPasteWidth" />
  <bind action="EditPasteHeight" />
  <bind action="EditPasteSizeSeparately" />
  <bind action="EditPasteWidthSeparately" />
  <bind action="EditPasteHeightSeparately" />

  <bind key="Delete" action="EditDelete" display="true"/>
  <bind key="KP_Delete" action="EditDelete" />
  <bind key="BackSpace" action="EditDelete" />

  <bind key="d" modifiers="Ctrl" action="EditDuplicate" display="true"/>
  <bind key="D" modifiers="Ctrl" action="EditDuplicate" />

  <bind key="d" modifiers="Alt" action="EditClone" display="true"/>
  <bind key="D" modifiers="Alt" action="EditClone" />

  <bind key="d" modifiers="Alt,Shift" action="EditUnlinkClone" display="true"/>
  <bind key="D" modifiers="Alt,Shift" action="EditUnlinkClone" />

  <bind key="d" modifiers="Shift" action="EditCloneSelectOriginal" display="true"/>
  <bind key="D" modifiers="Shift" action="EditCloneSelectOriginal" />

  <bind key="a" modifiers="Ctrl" action="EditSelectAll" display="true"/>
  <bind key="A" modifiers="Ctrl" action="EditSelectAll" />

  <bind action="EditClearAll" />

  <bind key="a" modifiers="Ctrl,Alt" action="EditSelectAllInAllLayers" display="true"/>
  <bind key="A" modifiers="Ctrl,Alt" action="EditSelectAllInAllLayers" />

  <bind key="exclam" action="EditInvert" display="true"/>
  <bind key="exclam" modifiers="Shift" action="EditInvert" />

  <bind key="exclam" modifiers="Alt" action="EditInvertInAllLayers" display="true"/>
  <bind key="exclam" modifiers="Alt,Shift" action="EditInvertInAllLayers" />

  <bind key="Tab" action="EditSelectNext" display="true"/>
  <bind key="ISO_Left_Tab" action="EditSelectNext" />
  <bind key="Tab" modifiers="Shift" action="EditSelectPrev" display="true"/>
  <bind key="ISO_Left_Tab" modifiers="Shift" action="EditSelectPrev" />

  <bind key="Escape" action="EditDeselect" /> 

  <bind key="7" action="EditNextPathEffectParameter" display="true"/>

  <!-- Objects/selection -->

  <bind key="h" action="ObjectFlipHorizontally" display="true"/>
  <bind key="H" action="ObjectFlipHorizontally" />

  <bind key="v" action="ObjectFlipVertically" display="true"/>
  <bind key="V" action="ObjectFlipVertically" />

  <bind key="Home" action="SelectionToFront" display="true"/>
  <bind key="KP_Home" action="SelectionToFront" />

  <bind key="End" action="SelectionToBack" display="true"/>
  <bind key="KP_End" action="SelectionToBack" />

  <bind key="Page_Up" action="SelectionRaise" display="true"/>
  <bind key="KP_Page_Up" action="SelectionRaise" />

  <bind key="Page_Down" action="SelectionLower" display="true"/>
  <bind key="KP_Page_Down" action="SelectionLower" />

  <bind key="g" modifiers="Ctrl" action="SelectionGroup" display="true"/>
  <bind key="G" modifiers="Ctrl" action="SelectionGroup" />
  <bind key="u" modifiers="Ctrl,Shift" action="SelectionGroup" />
  <bind key="U" modifiers="Ctrl,Shift" action="SelectionGroup" />

  <bind key="g" modifiers="Ctrl,Shift" action="SelectionUnGroup" display="true"/>
  <bind key="G" modifiers="Ctrl,Shift" action="SelectionUnGroup" />
  <bind key="u" modifiers="Ctrl" action="SelectionUnGroup" />
  <bind key="U" modifiers="Ctrl" action="SelectionUnGroup" />

  <bind key="b" modifiers="Alt" action="SelectionCreateBitmap" display="true"/>
  <bind key="B" modifiers="Alt" action="SelectionCreateBitmap" />

  <bind key="b" modifiers="Alt,Shift" action="SelectionTrace" display="true"/>
  <bind key="B" modifiers="Alt,Shift" action="SelectionTrace" />

  <bind key="i" modifiers="Alt" action="ObjectsToPattern" display="true"/>
  <bind key="I" modifiers="Alt" action="ObjectsToPattern" />

  <bind key="i" modifiers="Alt,Shift" action="ObjectsFromPattern" display="true"/>
  <bind key="I" modifiers="Alt,Shift" action="ObjectsFromPattern" />
  
  <bind key="g" modifiers="Shift" action="ObjectsToGuides" display="true"/>
  <bind key="G" modifiers="Shift" action="ObjectsToGuides" />

  <bind action="ObjectSetMask" />
  <bind action="ObjectUnSetMask" />

  <bind action="ObjectSetClipPath" />
  <bind action="ObjectUnSetClipPath" />

  <!-- FIXME: currently these bypass the verbs, so the verbs are not bound to ctrl+[] as they should be -->
  <bind action="ObjectRotate90" /> 
  <bind action="ObjectRotate90CCW" /> 

  <bind action="ObjectRemoveTransform" /> 

<!-- Path -->

  <bind key="c" modifiers="Ctrl,Shift" action="ObjectToPath" display="true"/>
  <bind key="C" modifiers="Ctrl,Shift" action="ObjectToPath" />

  <bind key="c" modifiers="Ctrl,Alt" action="StrokeToPath" display="true"/>
  <bind key="C" modifiers="Ctrl,Alt" action="StrokeToPath" />

  <bind key="k" modifiers="Ctrl" action="SelectionCombine" display="true"/>
  <bind key="K" modifiers="Ctrl" action="SelectionCombine" />

  <bind key="k" modifiers="Ctrl,Shift" action="SelectionBreakApart" display="true"/>
  <bind key="K" modifiers="Ctrl,Shift" action="SelectionBreakApart" />

  <bind key="plus" modifiers="Ctrl" action="SelectionUnion" display="true"/>
  <bind key="KP_Add" modifiers="Ctrl" action="SelectionUnion" />
  <bind key="plus" modifiers="Ctrl,Shift" action="SelectionUnion" />

  <bind key="asterisk" modifiers="Ctrl" action="SelectionIntersect" display="true"/>
  <bind key="KP_Multiply" modifiers="Ctrl" action="SelectionIntersect" />
  <bind key="asterisk" modifiers="Ctrl,Shift" action="SelectionIntersect" />

  <bind key="minus" modifiers="Ctrl" action="SelectionDiff" display="true"/>
  <bind key="underscore" modifiers="Ctrl" action="SelectionDiff" />
  <bind key="underscore" modifiers="Ctrl,Shift" action="SelectionDiff" />
  <bind key="KP_Subtract" modifiers="Ctrl" action="SelectionDiff" />
  <bind key="minus" modifiers="Ctrl,Shift" action="SelectionDiff" />

  <bind key="asciicircum" modifiers="Ctrl" action="SelectionSymDiff" display="true"/> <!-- ^ -->
  <bind key="asciicircum" modifiers="Ctrl,Shift" action="SelectionSymDiff" />

  <bind key="slash" modifiers="Ctrl,Alt" action="SelectionCutPath" display="true"/>
  <bind key="slash" modifiers="Ctrl,Alt,Shift" action="SelectionCutPath" />

  <bind key="slash" modifiers="Ctrl" action="SelectionDivide" display="true"/>
  <bind key="slash" modifiers="Ctrl,Shift" action="SelectionDivide" />

  <bind key="parenright" modifiers="Ctrl" action="SelectionOffset" display="true"/>
  <bind key="parenright" modifiers="Ctrl,Shift" action="SelectionOffset" />
  <bind key="0" modifiers="Ctrl,Shift" action="SelectionOffset" />
  <bind key="0" modifiers="Ctrl" action="SelectionOffset" />
  
  <bind key="parenright" modifiers="Alt" action="SelectionOffsetScreen" display="true"/>
  <bind key="0" modifiers="Alt" action="SelectionOffsetScreen" />

  <bind key="parenright" modifiers="Alt,Shift" action="SelectionOffsetScreen10" display="true"/>
  <bind key="0" modifiers="Alt,Shift" action="SelectionOffsetScreen10" />

  <bind key="parenleft" modifiers="Ctrl" action="SelectionInset" display="true"/>
  <bind key="parenleft" modifiers="Ctrl,Shift" action="SelectionInset" />
  <bind key="9" modifiers="Ctrl,Shift" action="SelectionInset" />
  <bind key="9" modifiers="Ctrl" action="SelectionInset" />

  <bind key="parenleft" modifiers="Alt" action="SelectionInsetScreen" display="true"/>
  <bind key="9" modifiers="Alt" action="SelectionInsetScreen" />

  <bind key="parenleft" modifiers="Alt,Shift" action="SelectionInsetScreen10" display="true"/>
  <bind key="9" modifiers="Alt,Shift" action="SelectionInsetScreen10" />

  <bind key="j" modifiers="Ctrl" action="SelectionDynOffset" display="true"/>
  <bind key="J" modifiers="Ctrl" action="SelectionDynOffset" />

  <bind key="j" modifiers="Ctrl,Alt" action="SelectionLinkedOffset" display="true"/>
  <bind key="J" modifiers="Ctrl,Alt" action="SelectionLinkedOffset" />

  <bind key="l" modifiers="Ctrl" action="SelectionSimplify" display="true"/>
  <bind key="L" modifiers="Ctrl" action="SelectionSimplify" />

  <bind action="SelectionReverse" />

<!-- Text -->

  <bind key="w" modifiers="Alt" action="ObjectFlowText" display="true"/>
  <bind key="W" modifiers="Alt" action="ObjectFlowText" />

  <bind key="w" modifiers="Alt,Shift" action="ObjectUnFlowText" display="true"/>
  <bind key="W" modifiers="Alt,Shift" action="ObjectUnFlowText" />

  <bind action="SelectionTextToPath" />
  <bind action="SelectionTextFromPath" />

  <bind action="ObjectFlowtextToText" />
  <bind action="SelectionTextRemoveKerns" />

  <bind key="k" modifiers="Ctrl,Alt" action="DialogSpellcheck" display="true"/>
  <bind key="K" modifiers="Ctrl,Alt" action="DialogSpellcheck" />

<!-- Layers -->

  <bind key="N" modifiers="Ctrl,Shift" action="LayerNew" display="true"/>
  <bind key="n" modifiers="Ctrl,Shift" action="LayerNew" />

  <bind action="LayerRename" />
  <bind key="Page_Up" modifiers="Ctrl" action="LayerNext" display="true"/>
  <bind key="KP_Page_Up" modifiers="Ctrl" action="LayerNext"/>
  <bind key="Page_Down" modifiers="Ctrl" action="LayerPrev" display="true"/>
  <bind key="KP_Page_Down" modifiers="Ctrl" action="LayerPrev"/>
  <bind action="LayerDelete" />

  <bind key="Page_Up" modifiers="Ctrl,Shift" action="LayerRaise" display="true"/>
  <bind key="KP_Page_Up" modifiers="Ctrl,Shift" action="LayerRaise" />

  <bind key="Page_Down" modifiers="Ctrl,Shift" action="LayerLower" display="true"/>
  <bind key="KP_Page_Down" modifiers="Ctrl,Shift" action="LayerLower" />

  <bind key="Home" modifiers="Ctrl,Shift" action="LayerToTop" display="true"/>
  <bind key="KP_Home" modifiers="Ctrl,Shift" action="LayerToTop" />

  <bind key="End" modifiers="Ctrl,Shift" action="LayerToBottom" display="true"/>
  <bind key="KP_End" modifiers="Ctrl,Shift" action="LayerToBottom" />

  <bind key="Page_Up" modifiers="Shift" action="LayerMoveToNext" display="true"/>
  <bind key="KP_Page_Up" modifiers="Shift" action="LayerMoveToNext" />

  <bind key="Page_Down" modifiers="Shift" action="LayerMoveToPrev" display="true"/>
  <bind key="KP_Page_Down" modifiers="Shift" action="LayerMoveToPrev" />

  <bind key="l" modifiers="Ctrl,Shift" action="DialogLayers" display="true" />
  <bind key="L" modifiers="Ctrl,Shift" action="DialogLayers"/>  

<!-- Dialogs -->

  <bind key="x" modifiers="Ctrl,Shift" action="DialogXMLEditor" display="true"/>
  <bind key="X" modifiers="Ctrl,Shift" action="DialogXMLEditor" />

  <bind key="d" modifiers="Ctrl,Shift" action="DialogDocumentProperties" display="true"/>
  <bind key="D" modifiers="Ctrl,Shift" action="DialogDocumentProperties" />

  <bind key="a" modifiers="Ctrl,Shift" action="DialogAlignDistribute" display="true"/>
  <bind key="A" modifiers="Ctrl,Shift" action="DialogAlignDistribute" />

  <bind key="t" modifiers="Ctrl,Shift" action="DialogText" display="true"/>
  <bind key="T" modifiers="Ctrl,Shift" action="DialogText" />

  <bind key="p" modifiers="Ctrl,Shift" action="DialogPreferences" display="true"/>
  <bind key="P" modifiers="Ctrl,Shift" action="DialogPreferences" />

  <bind key="f" modifiers="Ctrl,Shift" action="DialogFillStroke" display="true"/>
  <bind key="F" modifiers="Ctrl,Shift" action="DialogFillStroke" />

  <bind key="f" modifiers="Ctrl" action="DialogFind" display="true"/>
  <bind key="F" modifiers="Ctrl" action="DialogFind" />

  <bind key="m" modifiers="Ctrl,Shift" action="DialogTransform" display="true"/>
  <bind key="M" modifiers="Ctrl,Shift" action="DialogTransform" />

  <bind key="o" modifiers="Ctrl,Shift" action="DialogObjectProperties" display="true"/>
  <bind key="O" modifiers="Ctrl,Shift" action="DialogObjectProperties" />

  <bind key="w" modifiers="Ctrl,Shift" action="DialogSwatches" display="true"/>
  <bind key="W" modifiers="Ctrl,Shift" action="DialogSwatches" />

  <bind key="ampersand" modifiers="Ctrl,Shift" action="DialogLivePathEffect" />
  <bind key="7" modifiers="Ctrl,Shift" action="DialogLivePathEffect" display="true" />

  <bind key="ampersand" modifiers="Ctrl" action="PasteLivePathEffect"/>
  <bind key="7" modifiers="Ctrl" action="PasteLivePathEffect" display="true"/>

  <bind action="RemoveLivePathEffect" />

  <bind action="DialogMetadata" />
  <bind action="DialogClonetiler" />
  <bind action="DialogGridArrange" />
  <bind action="DialogScript" />
  <bind action="DialogDebug" />
  <bind action="DialogInput" />

  <bind key="F12" action="DialogsToggle" display="true"/>

<!-- Help -->

  <bind action="HelpAboutExtensions" />
  <bind action="HelpAboutMemory" />
  <bind action="HelpAbout" />
  <!-- There are also verbs for tutorials, if you really need them -->
  <!-- Other commands in Help are implemented as extensions, with ids of org.inkscape.help.* -->

<!-- Effects -->

  <bind action="EffectLast" /> 
  <bind action="EffectLastPref" /> 
  <!-- You can also assign keys to individual effects. The action should be set to he
  effect id from the .inx file, for example "org.ekips.filter.addnodes" for the Add
  Nodes effect. -->

</keys>
