<ui>
  <menubar name='MenuBar'>
    <menu action='MenuFile'>
      <menuitem action='New'/>
      <menuitem action='Open'/>
      <menu action='OpenRecent'>
        <placeholder name='RecentFiles'/>
      </menu>
      <menuitem action='Revert'/>
      <menuitem action='Save'/>
      <menuitem action='SaveAs'/>
      <separator/>
      <menuitem action='Import'/>
      <menuitem action='Export'/>
      <separator/>
      <menuitem action='Print'/>
      <menuitem action='PrintPreview'/>
      <separator/>
      <menuitem action='VacuumDefs'/>
      <separator/>
      <menuitem action='DocumentProperties'/>
      <menuitem action='InkscapePreferences'/>
      <separator/>
      <menuitem action='Close'/>
      <menuitem action='Quit'/>
    </menu>
    <menu action='MenuEdit'>
      <menuitem action='Undo'/>
      <menuitem action='Redo'/>
      <menuitem action='UndoHistory'/>
      <separator/>
      <menuitem action='Cut'/>
      <menuitem action='Copy'/>
      <menuitem action='Paste'/>
      <menuitem action='PasteInPlace'/>
      <menuitem action='PasteStyle'/>
      <separator/>
      <menuitem action='Find'/>
      <separator/>
      <menuitem action='Duplicate'/>
      <menuitem action='Clone'/>
      <menuitem action='CloneUnlink'/>
      <menuitem action='CloneSelectOrig'/>
      <menuitem action='MakeBitmap'/>
      <separator/>
      <menuitem action='Tile'/>
      <menuitem action='Untile'/>
      <separator/>
      <menuitem action='Delete'/>
      <separator/>
      <menuitem action='SelectAll'/>
      <menuitem action='SelectAllInAllLayers'/>
      <menuitem action='SelectInvert'/>
      <menuitem action='SelectNone'/>
      <separator/>
      <menuitem action='XmlEditor'/>
    </menu>
    <menu action='MenuView'>
      <menu action='Zoom'>
        <menuitem action='ZoomIn'/>
        <menuitem action='ZoomOut'/>
        <separator/>
        <menuitem action='Zoom100'/>
        <menuitem action='Zoom50'/>
        <menuitem action='Zoom200'/>
        <separator/>
        <menuitem action='ZoomSelection'/>
        <menuitem action='ZoomDrawing'/>
        <menuitem action='ZoomPage'/>
        <menuitem action='ZoomWidth'/>
        <separator/>
        <menuitem action='ZoomPrev'/>
        <menuitem action='ZoomNext'/>
      </menu>
      <separator/>
      <menu action='ShowHide'>
        <menuitem action='ShowHideCommandsBar'/>
        <menuitem action='ShowHideToolControlsBar'/>
        <menuitem action='ShowHideToolsBar'/>
        <menuitem action='ShowHideRulers'/>
        <menuitem action='ShowHideScrollbars'/>
        <menuitem action='ShowHideStatusbar'/>
      </menu>
      <menuitem action='ShowHideDialogs'/>
      <separator/>
      <menuitem action='Grid'/>
      <menuitem action='Guides'/>
      <separator/>
      <menuitem action='Fullscreen'/>
      <separator/>
      <menuitem action='Messages'/>
      <menuitem action='Scripts'/>
      <separator/>
      <menuitem action='WindowPrev'/>
      <menuitem action='WindowNext'/>
      <separator/>
      <menuitem action='WindowDuplicate'/>
    </menu>
    <menu action='MenuLayer'>
      <menuitem action='LayerNew'/>
      <menuitem action='LayerRename'/>
      <menuitem action='LayerDuplicate'/>
      <menuitem action='LayerAnchor'/>
      <menuitem action='LayerMergeDown'/>
      <menuitem action='LayerDelete'/>
      <separator/>
      <menuitem action='LayerSelectNext'/>
      <menuitem action='LayerSelectPrev'/>
      <menuitem action='LayerSelectTop'/>
      <menuitem action='LayerSelectBottom'/>
      <separator/>
      <menuitem action='LayerRaise'/>
      <menuitem action='LayerLower'/>
      <menuitem action='LayerToTop'/>
      <menuitem action='LayerToBottom'/>
    </menu>
    <menu action='MenuObject'>
      <menuitem action='FillAndStroke'/>
      <menuitem action='ObjectProperties'/>
      <separator/>
      <menuitem action='Group'/>
      <menuitem action='Ungroup'/>
      <separator/>
      <menuitem action='Raise'/>
      <menuitem action='Lower'/>
      <menuitem action='RaiseToTop'/>
      <menuitem action='LowerToBottom'/>
      <separator/>
      <menuitem action='MoveToNewLayer'/>
      <menuitem action='MoveToNextLayer'/>
      <menuitem action='MoveToPrevLayer'/>
      <menuitem action='MoveToTopLayer'/>
      <menuitem action='MoveToBottomLayer'/>
      <separator/>
      <menuitem action='Rotate90CW'/>
      <menuitem action='Rotate90CCW'/>
      <menuitem action='FlipHoriz'/>
      <menuitem action='FlipVert'/>
      <separator/>
      <menuitem action='Transformation'/>
      <menuitem action='AlignAndDistribute'/>
    </menu>
    <menu action='MenuPath'>
      <menuitem action='ObjectToPath'/>
      <menuitem action='StrokeToPath'/>
      <menuitem action='Trace'/>
      <separator/>
      <menuitem action='Union'/>
      <menuitem action='Difference'/>
      <menuitem action='Intersection'/>
      <menuitem action='Exclusion'/>
      <menuitem action='Division'/>
      <menuitem action='CutPath'/>
      <separator/>
      <menuitem action='Combine'/>
      <menuitem action='BreakApart'/>
      <separator/>
      <menuitem action='Inset'/>
      <menuitem action='Outset'/>
      <menuitem action='OffsetDynamic'/>
      <menuitem action='OffsetLinked'/>
      <separator/>
      <menuitem action='Simplify'/>
      <menuitem action='Reverse'/>
      <menuitem action='Cleanup'/>
    </menu>
    <menu action='MenuText'>
      <menuitem action='TextProperties'/>
      <separator/>
      <menuitem action='RemoveFromPath'/>
      <menuitem action='PutOnPath'/>
      <separator/>
      <menuitem action='RemoveManualKerns'/>
    </menu>
	<menu action='MenuWhiteboard'>
	  <menuitem action='DialogWhiteboardConnect'/>
	  <separator/>
	  <menuitem action='DialogWhiteboardShareWithUser'/>
	  <menuitem action='DialogWhiteboardShareWithChat'/>
	  <separator/>
	</menu>
    <menu action='MenuHelp'>
      <menuitem action='KeysAndMouse'/>
      <menu action='Tutorials'>
        <placeholder name='TutorialFiles'/>
      </menu>
      <menuitem action='About'/>
    </menu>
  </menubar>
  <toolbar name='CommandsBar'>
    <toolitem action='New'/>
    <toolitem action='Open'/>
    <toolitem action='Save'/>
    <toolitem action='Print'/>
    <separator/>
    <toolitem action='Import'/>
    <toolitem action='Export'/>
    <separator/>
    <toolitem action='Undo'/>
    <toolitem action='Redo'/>
    <separator/>
    <toolitem action='Copy'/>
    <toolitem action='Cut'/>
    <toolitem action='Paste'/>
    <separator/>
    <toolitem action='ZoomSelection'/>
    <toolitem action='ZoomDrawing'/>
    <toolitem action='ZoomPage'/>
    <separator/>
    <toolitem action='Duplicate'/>
    <toolitem action='Clone'/>
    <toolitem action='CloneUnlink'/>
    <separator/>
    <toolitem action='Group'/>
    <toolitem action='Ungroup'/>
    <separator/>
    <toolitem action='FillAndStroke'/>
    <toolitem action='TextProperties'/>
    <toolitem action='XmlEditor'/>
    <toolitem action='AlignAndDistribute'/>
    <separator/>
    <toolitem action='InkscapePreferences'/>
    <toolitem action='DocumentProperties'/>
  </toolbar>
  <toolbar name='ToolsBar'>
    <toolitem action='ToolSelect'/>
    <toolitem action='ToolNode'/>
    <toolitem action='ToolZoom'/>
    <toolitem action='ToolRect'/>
    <toolitem action='ToolArc'/>
    <toolitem action='ToolStar'/>
    <toolitem action='ToolSpiral'/>
    <toolitem action='ToolFreehand'/>
    <toolitem action='ToolPen'/>
    <toolitem action='ToolDynaDraw'/>
    <toolitem action='ToolText'/>
    <toolitem action='ToolDropper'/>
  </toolbar>
  <toolbar name='SelectControlsBar'>
    <toolitem action='Rotate90CCW'/>
    <toolitem action='Rotate90CW'/>
    <toolitem action='FlipHoriz'/>
    <toolitem action='FlipVert'/>
    <separator/>
    <toolitem action='LowerToBottom'/>
    <toolitem action='Lower'/>
    <toolitem action='Raise'/>
    <toolitem action='RaiseToTop'/>
    <separator/>
    <toolitem action='MoveToBottomLayer'/>
    <toolitem action='MoveToPrevLayer'/>
    <toolitem action='MoveToNextLayer'/>
    <toolitem action='MoveToTopLayer'/>
    <separator/>
    <toolitem action='TransformStroke'/>
    <toolitem action='TransformCorners'/>
    <toolitem action='TransformGradient'/>
    <toolitem action='TransformPattern'/>
  </toolbar>
  <toolbar name='NodeControlsBar'>
    <toolitem action='NodeInsert'/>
    <toolitem action='NodeDelete'/>
    <separator/>
    <toolitem action='NodeJoin'/>
    <toolitem action='NodeJoinSegment'/>
    <toolitem action='NodeDeleteSegment'/>
    <toolitem action='NodeBreak'/>
    <separator/>
    <toolitem action='NodeCorner'/>
    <toolitem action='NodeSmooth'/>
    <toolitem action='NodeSymmetric'/>
    <separator/>
    <toolitem action='NodeLine'/>
    <toolitem action='NodeCurve'/>
    <separator/>
    <toolitem action='ObjectToPath'/>
    <toolitem action='StrokeToPath'/>
  </toolbar>
  <toolbar name='SelectControlsBar'>
  </toolbar>
</ui>
